,Unnamed: 0,ID,text,target,label,sentiment
1,1,101,dear lord thank u for all of ur blessings forgive my sins lord give me strength and energy for this busy day ahead #blessed #hope #SemST,Atheism,AGAINST,POSITIVE
2,2,102,"Blessed are the peacemakers, for they shall be called children of God. Matthew 5:9 #scripture #peace #SemST",Atheism,AGAINST,POSITIVE
3,3,103,I am not conformed to this world. I am transformed by the renewing of my mind. #ISpeakLife #God #2014 #SemST,Atheism,AGAINST,POSITIVE
4,4,104,Salah should be prayed with #focus and #understanding. #Allah warns against #lazy prayers done just for #show Surah Al-Maoon 107:4-6 #SemST,Atheism,AGAINST,POSITIVE
5,5,105,"And stay in your houses and do not display yourselves like that of the times of ignorance."" [Quran 33:33].#islam #SemST",Atheism,AGAINST,NEGATIVE
6,6,106,"If we are unsure whether something is halal or haram, we should leave it - this will #safeguard our #deen #rule #SemST",Atheism,AGAINST,NEITHER
7,7,107,"Papa God, i pray that You shower me with more patience.  #worththewait #SemST",Atheism,AGAINST,POSITIVE
8,8,108,"Now that the SCOC has ruled Canadians have freedom from religion, can someone tell Harper to dummy his 'god bless Canada'. #cdnpoli #SemST",Atheism,FAVOR,NEGATIVE
9,9,109,"Wow, unsubstantiated claims about spooks. Remember whe I said there were gullible people? @jvx242 #SemST",Atheism,NONE,NEGATIVE
10,10,110,"RT ""...That kind of modesty is too arrogant for me.""Í¢îChristopher Hitchens 2/2"" #Funny #SemST",Atheism,NONE,NEGATIVE
11,11,111,Everyone is able to believe in whatever they want. #Freedom #SemST,Atheism,FAVOR,POSITIVE
12,12,112,"The best of you are those who best treat their women. And I am the best of people to my women."" Prophet Mohammad (PBUH #islam #SemST",Atheism,AGAINST,POSITIVE
13,13,113,"RT @prayerbullets: Let the righteousness, peace, and joy of the kingdom be established in my life -Rom. 14:17 #SemST",Atheism,AGAINST,POSITIVE
14,14,114,"STOP! Hold your peace and allow the All Powerful God time to fight the battle. Then, ""You Win!"" #believe #truth #hope #ButGod #SemST",Atheism,AGAINST,POSITIVE
15,15,115,"Faith sees the invisible, believes the incredible, and receives the impossible! #God #SemST",Atheism,AGAINST,POSITIVE
16,16,116,"Prophet Muhammad said: ""Exchange gift for it will increase your love towards one another."" #islam #world #Quran #SemST",Atheism,AGAINST,POSITIVE
17,17,117,@ax2n38 @halcyondon @TAG65 Good luck with that. #separationofchurchandstate #TING #GWG #GFYH #SemST,Atheism,NONE,NEGATIVE
18,18,118,Celebrity atheism is beginning to irk me #initforthemoney #SemST,Atheism,AGAINST,NEGATIVE
19,19,119,Leaving Christianity enables you to love the people you once rejected. #freethinker #Christianity #SemST,Atheism,FAVOR,POSITIVE
20,20,120,"Clear your thoughts, look up to the sky, SOMEONE there is looking after you. #God #islam #SemST",Atheism,AGAINST,POSITIVE
21,21,121,"heavens and the earth were one connected entity, then We separated them And We havemade from water every living thing quran 21:30 #SemST",Atheism,AGAINST,POSITIVE
22,22,122,Could all those who believe in a god please leave. The meeting will now continue for the grown ups only. #SemST,Atheism,FAVOR,NEGATIVE
23,23,123,'Pop may throw in the towel second half.. #SemST,Atheism,NONE,NEGATIVE
24,24,124,"The devil is our enemy, and our mind is the battleground he plays in. -Josh Ricketson #RUSH #RUSHSWAG #SemST",Atheism,AGAINST,NEGATIVE
25,25,125,The odds are already stacked in our favor if we believe in the Lord and call Him our Savior. #SemST,Atheism,AGAINST,POSITIVE
26,26,126,"When it comes to scientific discoveries, the #religious call them bullshit until their texts already knew it. #SemST",Atheism,FAVOR,NEGATIVE
27,27,127,You can look at others with envy or look to God and focus on what He's calling you to become. Dream Kingdom-sized dreams. #Focus #SemST,Atheism,AGAINST,POSITIVE
28,28,128,"If the #purpose of life is to become wealthy, there would be no purpose after becoming wealthy #islam #SemST",Atheism,AGAINST,NEGATIVE
29,29,129,"If you don't feel the need for God/Love, then you don't desire God.  #truth #love #SemST",Atheism,AGAINST,POSITIVE
30,30,130,Our cause is making definite marks. Never stop.   #Think #SemST,Atheism,NONE,POSITIVE
31,31,131,"6 Holy Mary Mother of God, pray for us sinners now and at the hour of our death. Amen. #rosary #teamjesus #God #SemST",Atheism,AGAINST,POSITIVE
32,32,132,"9 Holy Mary Mother of God, pray for us sinners now and at the hour of our death. Amen. #rosary #teamjesus #God #SemST",Atheism,AGAINST,POSITIVE
33,33,133,What I see in the natural will not stop what God is getting ready to release in the supernatual. #SemST,Atheism,AGAINST,POSITIVE
34,34,134,Religions stopped being credible the minute the first dinosaur fossil was found.   #SemST,Atheism,FAVOR,NEGATIVE
35,35,135,@FaithReeI #Love those kind of dogs .. carries baby home.. from a dump . see photo #HERO #SemST,Atheism,NONE,POSITIVE
36,36,136,"In the absence of God, What are you? You are nothing more than an accident or a re-arrangement of molecules. #bible #SemST",Atheism,AGAINST,NEGATIVE
37,37,137,You better go get my ball.... #SemST,Atheism,NONE,NEITHER
38,38,138,"#Save your people, Lord, and bless those who are yours. Be their #shepherd, and take care of them forever. (Psalm 28:9 GNT) #SemST",Atheism,AGAINST,POSITIVE
39,39,139,"#Life Is The Question, #Islam Is The Answe #islam #allah #quran #SemST",Atheism,AGAINST,POSITIVE
40,40,140,RT @jeremysumpter: Thank you lord for such a beautiful Sunday :) truly blessed. #Blessed #church #me #jeremysumpter #Love #HAPPINES... #SemST,Atheism,AGAINST,POSITIVE
41,41,141,"Remove the bitterness from my heart, Lord. Amen. #SemST",Atheism,AGAINST,POSITIVE
42,42,142,Sometimes God could be protecting you from something when things don't go the way you want them to.  Trust His will. #wisdom #SemST,Atheism,AGAINST,POSITIVE
43,43,143,"Faith, perseverance and HardWork , is what separates Dreamers from Achievers! #GodFirst #actorslife #Dancer #LetsWork #Vision #Work #SemST",Atheism,AGAINST,POSITIVE
44,44,144,My God is COMPREHENSIVE and not SELECTIVE! Ask for 1 thing and get EVERYTHING! #LoveMyJesus #HOLYCRAPThatsGoodNews #SemST,Atheism,AGAINST,POSITIVE
45,45,145,"His love shows me mercy, no matter the darkness that I've been in. #SemST",Atheism,AGAINST,POSITIVE
46,46,146,I'll be answering questions today on reddit (r/atheism) for #AskanAtheistDay 2-5pm EST! #AMA #SemST,Atheism,FAVOR,NEITHER
47,47,147,It's Ask an Atheist Day! Have a question?   #askanatheist #SemST,Atheism,FAVOR,POSITIVE
48,48,148,"A #kingdom has a particular #culture, a way of doing things (Ed Welch). #SemST",Atheism,NONE,POSITIVE
49,49,149,"no matter what I face, at the end of the day, I know I will be okay, because I know the Maker of the day...         #HappyNote #SemST",Atheism,AGAINST,POSITIVE
50,50,150,Is there a way to get Free Atheist literature to pass out at an upcoming protest I'm planning? #ffrf #SemST,Atheism,FAVOR,NEITHER
51,51,151,Evidence-based thought just works out better than superstition-based thought.   #freethinker #SemST,Atheism,FAVOR,POSITIVE
52,52,152,All these bible studies I've been a part of at UNT makes me  kinda wanna to go to seminary school. #UNT #meangreen #Gospel #SemST,Atheism,AGAINST,POSITIVE
53,53,153,"@musical_seizure  It's very cool, but it's not evidence for any #god. Is that what you're implying?  #SemST",Atheism,FAVOR,NEGATIVE
54,54,154,Souls are so CONNECTED to their creator no matter how hard you tried to DISCONNECT #islam #SemST,Atheism,AGAINST,POSITIVE
55,55,155,"1/5""And the heaven We created with might, and indeed We are (its) expander."" (Quran (51:47) #SemST",Atheism,AGAINST,POSITIVE
56,56,156,"The worst day of my life so far is here, setting my Nan to rest. Even as a physicist, times like these make you wonder. #SemST",Atheism,NONE,NEGATIVE
57,57,157,"If you shout ""Almighty #god!"" that's just two claims without proof.  #SemST",Atheism,FAVOR,NEGATIVE
58,58,158,".@AtheistRepublic Where does our morality come from?  < Our innate sense of, and response to, suffering  #atheists #HumanRights #SemST",Atheism,FAVOR,NEGATIVE
59,59,159,"No matter what you are going thru, I assure you somewhere in the world somebody has it 10x worse.  #bethankful #hope #SemST",Atheism,NONE,POSITIVE
60,60,160,"Dear believers, To prove the book you must NOT read from the book. Regards, an #SemST",Atheism,FAVOR,NEGATIVE
61,61,161,"For the Lord is the Spirit, and wherever the Spirit of the Lord is, there is freedom. (2 Corinthians 3:17 NLT) #Freedom #SemST",Atheism,AGAINST,POSITIVE
62,62,162,True community is being able to disagree and still love one another. #roadtolife #SemST,Atheism,NONE,POSITIVE
63,63,163,True education and a free mind is the best weapon against any obstacle. #SAHD  #freethinkers  #homeschooling  #SemST,Atheism,FAVOR,POSITIVE
64,64,164,"Just watched the #SCfeatured segment on the life of Manny Pacquiao.  If I wasn't on #TeamPacquiao already, I would be now. #respect #SemST",Atheism,NONE,POSITIVE
65,65,165,"I look around and find fear, I look up with my Father and find faith. #toGodbetheglory #SemST",Atheism,AGAINST,POSITIVE
66,66,166,"You are the strength of my life, Lord. #SemST",Atheism,AGAINST,POSITIVE
67,67,167,"It's YOUR plan, I just gotta be #willing to work hard & Seek you! #SemST",Atheism,AGAINST,POSITIVE
68,68,168,God never gives us anything we can't handle - it's either a victory or a lesson ....have an amazing day!! #inspiration #believe #SemST,Atheism,AGAINST,POSITIVE
69,69,169,You don't run a thing till you run it to the King. #SemST,Atheism,AGAINST,NEGATIVE
70,70,170,God wouldn't invest His anointing in your life if he wasn't going to bless you. #GOTFAITH #SAYYES #SemST,Atheism,AGAINST,POSITIVE
71,71,171,"@latikia @seangillies Yeah, right? Lol wink wink nudge nudge. The greatest part is how ""God's"" playing along! #religiondoesharm #SemST",Atheism,FAVOR,NEGATIVE
72,72,172,"God has not given us a spirit of fear and timidity,but of power, love,and self-discipline. 2 Timothy 1:7 #fearless #Conqueror #God #SemST",Atheism,AGAINST,POSITIVE
73,73,173,The sexiest thing you can carry right now is a BIBLE  #accessory #Christian #SemST,Atheism,AGAINST,POSITIVE
74,74,174,"#Scientists say that #iron is not from #earth, sorry, The Quran (57:25) outran u by 1400 years! s #SemST",Atheism,AGAINST,NEGATIVE
75,75,175,"@dw_english. Even in death, the truth prevails! Yet, what a sorrowful reality. #freethinkers #SemST",Atheism,FAVOR,NEITHER
76,76,176,"I will not allow the accuser to accuse me, for I am washed and cleansed by the blood of the Lamb -Rev. 1:5; 7:14 #SemST",Atheism,AGAINST,POSITIVE
77,77,177,#India urges its wealthy temples to bolster the economy with #gold #worldnews #economics #commodities #SemST,Atheism,NONE,POSITIVE
78,78,178,There's no religion but sex and music. ~Sting #SemST,Atheism,FAVOR,NEITHER
79,79,179,"@RichardDawkins What is more likely to be real; Bigfoot, Loch Ness Monster or God ? #SemST",Atheism,FAVOR,NEGATIVE
80,80,180,Alot of angry people in this world.  Peace to all. #love #SemST,Atheism,NONE,NEGATIVE
81,81,181,Want to become #steadfast in the religion? Ponder upon the #Qur'an - it's one of the best means to acquire #steadfastness in the #SemST,Atheism,AGAINST,POSITIVE
82,82,182,"RT @rosaryrevival: 3 Holy Mary Mother of God, pray for us sinners now and at the hour of our death. Amen. #rosary #SemST",Atheism,AGAINST,POSITIVE
83,83,183,".@dhiggins63 True, your #god, a fiction, is incapable of killing anything. /@PvtFraser #SemST",Atheism,FAVOR,NEGATIVE
84,84,184,"@Breaking911 #police Hooligans can challenge everyone - Police must do right out of frustration,criminals can face their black/white #SemST",Atheism,NONE,NEGATIVE
85,85,185,#Life is a STATION not a DESTINATION #islam #SemST,Atheism,AGAINST,POSITIVE
86,86,186,"I am your cover girl. I make up for your lacks and deficiencies. I'm your very foundation, see I blend with you perfectly. #SemST",Atheism,NONE,POSITIVE
87,87,187,.@AlphaRomeo223 You are quite mistaken. :) /@dhiggins63 @PvtFraser #SemST,Atheism,NONE,NEGATIVE
88,88,188,"Every time I arrive at my home, I'm n constant awe of how much my God loves me .My family is better than urs. I LOVE MY LIFE #Blessed #SemST",Atheism,AGAINST,POSITIVE
89,89,189,"I have been crucified with Christ & I no longer live, but Christ lives in me. -Galatians 2:20 #HolyBible #TeamJesus #SemST",Atheism,AGAINST,POSITIVE
90,90,190,"And We created not the heavens and the earth, and all that is between them, for mere play,  [Quran 44:38]  #athiest  #SemST",Atheism,AGAINST,POSITIVE
91,91,191,"It is not the time for posturing, pretending or pontificating, now is the time for #Baltimore #BaltimoreRiots #SemST",Atheism,NONE,NEGATIVE
92,92,192,Jesus  I know you didn't bring me this far to leave me #SemST,Atheism,AGAINST,POSITIVE
93,93,193,I Appreciate almighty God for waking me up diz beautiful day + giving me brilliant ideas to grow my #Hustle #SemST,Atheism,AGAINST,POSITIVE
94,94,194,Kip laughing as shed my tears... BT we all know what's gonna hpn in d end #ChildOfGod #SemST,Atheism,AGAINST,POSITIVE
95,95,195,"I've been everywhere but Still in my spirit today. Then O Thee of lil faith, slapped me in my face! LOL  #HELIVES #LOVE #SemST",Atheism,AGAINST,POSITIVE
96,96,196,"Don't allow life to ""potter"" you. #iamtheclay #IAMisthepotter #god #belief #christianity #SemST",Atheism,AGAINST,POSITIVE
97,97,197,Many doctrines have been created so Christians could save face #truth #theology #SemST,Atheism,FAVOR,NEGATIVE
98,98,198,Love for the Sahaba is a sign of faith; hating the Sahaba is a sign of hypocrisy. Let us respect the Sahaba. #Love #Hypocrisy #SemST,Atheism,AGAINST,NEITHER
99,99,199,"10 Holy Mary Mother of God, pray for us sinners now and at the hour of our death. Amen. #rosary #teamjesus #SemST",Atheism,AGAINST,POSITIVE
100,100,200,Evidence-based thought has its feet planted on the ground.  Superstition-based thought does not.  #freethinker #SemST,Atheism,FAVOR,NEITHER
101,101,201,Calling all Angel. The angels will sing for the innocent. May God bless you. #MaryJaneVeloso #SemST,Atheism,AGAINST,POSITIVE
102,102,202,god of the gaps is not evidence #next #SemST,Atheism,FAVOR,NEGATIVE
103,103,203,You can't think by yourself about life and believe in god. It just doesn't add up #SemST,Atheism,FAVOR,NEGATIVE
104,104,204,"There are two kinds of people on earth - they, who believe in Magic & Miracles & Myth (Oh my!) & we, who are Rational. Regards, an #SemST",Atheism,FAVOR,NEGATIVE
105,105,205,The only esteem that won't abandon us is the esteem given to us by Jesus.  ~ Scott Sauls   @evangelistmatt #esteem #SemST,Atheism,AGAINST,POSITIVE
106,106,206,"What is the purpose of life?"" & ""Why are we here?"" #Islam is providing clear and concise answers for these questions.#islam #SemST",Atheism,AGAINST,POSITIVE
107,107,207,"Know that God is always listening, always answering-maybe not in ways you had hoped, but in ways that he knows are best #prayerworks #SemST",Atheism,AGAINST,POSITIVE
108,108,208,"The framers of our Constitution meant we were to have freedom of religion, not freedom from religion. - Billy Graham #quote #SemST",Atheism,AGAINST,NEGATIVE
109,109,209,@neiltyson the more afraid you're wrong the stronger you fight to avoid facing facts. Belief based in fear just compounds that #SemST,Atheism,FAVOR,NEGATIVE
110,110,210,"8 years ago today my son was taken from me. If there's a god, fuck you, fuck you very much. #SemST",Atheism,FAVOR,NEGATIVE
111,111,211,"For every tree is known by his own fruit. For of thorns men do not gather figs, nor of a bramble bush gather they grapes. Luke 6:44 #SemST",Atheism,AGAINST,POSITIVE
112,112,212,Imagine living a life where you don't get credit for everything you did well but got the blame for everything you did wrong. #SemST,Atheism,NONE,NEGATIVE
113,113,213,@Laur_guuurl or just Alittle cup of #YouGotIt #SemST,Atheism,NONE,POSITIVE
114,114,214,"#God cares about everything that concerns you, so feel free to talk to Him about anything. #SemST",Atheism,AGAINST,POSITIVE
115,115,215,#Necessity is the mother of #innovation. Our #Deen is complete - there is no need for innovation. #islam #SemST,Atheism,AGAINST,NEGATIVE
116,116,216,My heart and prayers go out to the city of Baltimore. I can only hope for clarity and resolution for the people of that city. #SemST,Atheism,AGAINST,POSITIVE
117,117,217,I bind and rebuke all demons of jihad in the name of Jesus. #SemST,Atheism,AGAINST,NEGATIVE
118,118,218,"Even if your MIND denied #God, your SOUL will no #islam #SemST",Atheism,AGAINST,NEGATIVE
119,119,219,...because #god made it that way is literally not ever the answer. Keep curiosity alive. #SemST,Atheism,FAVOR,NEGATIVE
120,120,220,"That nagging doubt you keep having about god? Gods not testing u, it's your intellect trying to tell you your beliefs are bullshit. #SemST",Atheism,FAVOR,NEGATIVE
121,121,221,"Lk 6:37 KJV  Judge not, and ye shall not be judged: condemn not, and ye shall not be condemned... #SemST",Atheism,AGAINST,POSITIVE
122,122,222,"This is eternal life, that they may know You, the only true God, and Jesus Christ whom You have sent. (John 17:3) #GOD #SemST",Atheism,AGAINST,POSITIVE
123,123,223,We believe the #Bible to be the word of God; ... we also believe the Book of #Mormon to be the word of God. - Joseph Smith #Prophet #SemST,Atheism,AGAINST,POSITIVE
124,124,224,Do not be discouraged when things dont happen like you planned. #God has better in store. Keep pressing forward! #teamPerserverance #SemST,Atheism,AGAINST,POSITIVE
125,125,225,.@TonyMiano  @Thecorruptorr  You scam people out of their money selling words of fear  and now claim to have none. Interesting. #SemST,Atheism,NONE,NEGATIVE
126,126,226,Nothing could be more dangerous to the existence of this Republic than to introduce religion into politics - Robert Green Ingersoll #SemST,Atheism,FAVOR,NEGATIVE
127,127,227,The Son of God became man so that we might become God. ~Athanasius #SemST,Atheism,AGAINST,POSITIVE
128,128,228,@trebor12566 I wish I could eliminate culture. That is the new #SemST,Atheism,NONE,NEGATIVE
129,129,229,"Today's verse: ""He who hears you hears me; he who rejects you rejects me"" #Jesus, Luke 10:16 #bornagain #TeamCOGIC #Bible #HolySpirit #SemST",Atheism,AGAINST,POSITIVE
130,130,230,If God = Miraculous And Miracles = Impossible Then God = Impossible #logic #reason #science #RT #SemST,Atheism,FAVOR,POSITIVE
131,131,231,"Faithful God, we #pray that we may learn to trust the uncertainty & mystery of walking on water toward you #SemST",Atheism,AGAINST,POSITIVE
132,132,232,Let my heart find strength in Your presence #SemST,Atheism,AGAINST,POSITIVE
133,133,233,"When you've done everything you can do, that's when God will step in, and do what you cannot do #islam #SemST",Atheism,AGAINST,POSITIVE
134,134,234,"No matter how things look, know that #God is still in control. Stay in peace, knowing that He will always be with you. #SemST",Atheism,AGAINST,POSITIVE
135,135,235,"Whoever is not kind to the younger ones, or does not respect the elders is not from my nation"" -Prophet Muhammad (PBUH #islam #SemST",Atheism,AGAINST,POSITIVE
136,136,236,People may leave you but #God will never do #islam #SemST,Atheism,AGAINST,POSITIVE
137,137,237,I stand for: #equality #fairness #HumanRights #logic #rational thought #freedom #freedomofspeech   I care  I am an #SemST,Atheism,NONE,POSITIVE
138,138,238,"I am not a fool who dies in want of wisdom, but the words from my mouth feed many -Prov. 10:21 #SemST",Atheism,AGAINST,NEGATIVE
139,139,239,"In #Christ we are righteous, and in practice, we are being conformed to His image.~ Chip Ingram #Quote #FB #TeamJesus #SemST",Atheism,AGAINST,POSITIVE
140,140,240,"There is POWER in the name of JESUS! Jesus, may the people of north India call upon your name! #missions #SemST",Atheism,AGAINST,POSITIVE
141,141,241,"RT @FollowDMS: ""Ask and it will be given to you; seek and you will find; knock and the door will be opened to you. -Matt 7:7 #SemST",Atheism,AGAINST,POSITIVE
142,142,242,"@davidpakmanshow @LiberalBias If hell existed, Bush would be first in line, ""Christian"" or not. Morality transcends religion. #SemST",Atheism,FAVOR,NEGATIVE
143,143,243,I would rather stand with #God and be judged by the world than stand with the world and be judged by God. #Godsnotdead #Truth #SemST,Atheism,AGAINST,POSITIVE
144,144,244,"Sikhism is not any better either, we have to finish all religions. ;-) @Saimarani13 @BeingHu62727983 @MaheshHindu @Po_st @Swamy39 #SemST",Atheism,FAVOR,NEGATIVE
145,145,245,"I think Jesus said it best when He said, ""Don't cum in me Peter.""   #bible #SemST",Atheism,FAVOR,NEGATIVE
146,146,246,If theists had a big mountain of evidence for their god do you think we'd ever fucking hear the word Faith again? #bible #god #SemST,Atheism,FAVOR,NEGATIVE
147,147,247,"I don't want the Government spying on me, I want God doing that. #bible #god #tcot #p2 #SemST",Atheism,AGAINST,NEGATIVE
148,148,248,"We're equal to men, and this makes us morally superior to them #fuckfeminism #EqualityForAll #SemST",Atheism,NONE,NEGATIVE
149,149,249,"'God ensures justice for orphans and widows and God loves the strangers, providing them with food and clothing.' Deut 10:18. #giving #SemST",Atheism,AGAINST,POSITIVE
150,150,250,RT @GoldAnuli: God isn't as interested in what you're doing as He is in who you are becoming. #Bible #SemST,Atheism,AGAINST,POSITIVE
151,151,251,Ali Al Amin #Lebanon Shia' it Leader: from 70s we rejected #Iran regime's conduct W #SemST,Atheism,NONE,NEGATIVE
152,152,252,God can turn around any situation. #trust #SemST,Atheism,AGAINST,POSITIVE
153,153,253,Ha ha ha ha Varun Gandhi is great grand son of Nehru. You love his 'Hindu' Brahmin ancestry. Don't you. ;-) Chameleon! @Swamy39 #SemST,Atheism,NONE,POSITIVE
154,154,254,"If you regularly base your thoughts on superstitions, you might not be able to think well.  #freethinker #SemST",Atheism,FAVOR,NEGATIVE
155,155,255,"@skepticpedi I don't trust you performing your ""science-based medicine"" on children.  I don't think it's science, or why reiterate? #SemST",Atheism,AGAINST,NEGATIVE
156,156,256,You cannot expect to walk in the supernatural without the one who is supernatural. #lethimin #Dontdoministryalone #waterwalker  #BOOM #SemST,Atheism,AGAINST,NEITHER
157,157,257,One day...I'm gonna get this thing right with the right one #AlwaysOptimistic #SemST,Atheism,NONE,POSITIVE
158,158,258,Zubair Ibn Awwam accepted #Islam at the age of 15 and dedicated his #life to protecting and promoting the #BlessedTen #SemST,Atheism,AGAINST,POSITIVE
159,159,259,@robeddy24: @NurseRatchets @ATHE1STP0WER Certainly...both Matthew and John were eyewitnesses  Liar   #lyingforjesus #SemST,Atheism,FAVOR,NEGATIVE
160,160,260,"One of my favorite quotes of all-time! ""Change your thoughts and you change your world"" ~ Norman Vincent Peale #Positivity! #SemST",Atheism,NONE,POSITIVE
161,161,261,@connection2013: There is no such word as impossible if you are walking with the King of Glory. #SemST,Atheism,AGAINST,POSITIVE
162,162,262,#God has a wonderful way of turning negatives into positives. #SemST,Atheism,AGAINST,POSITIVE
163,163,263,"If you seek nothing but the will of #God, He will always put you in the right place at the right time. #SemST",Atheism,AGAINST,POSITIVE
164,164,264,@Fatima_ZE @ginestarros   they delight in their abominations;--Isaiah 66:3 #JadeHelm15 #science #Revelation21:8 #SemST,Atheism,AGAINST,NEGATIVE
165,165,265,"I know that my redeemer lives, and that in the end He will stand on the earth. #God #Christians #Christianity #love #mercy #SemST",Atheism,AGAINST,POSITIVE
166,166,266,"Humanity is deeper than race, gender and religion... it's LOVE! #love #INV #life #humanity #race #sex #gender #SemST",Atheism,NONE,POSITIVE
167,167,267,I adore the women the Lord is making me into! Wow.#forevergrateful #beingme #thisiswhoIwasmeanttobeallalong #free #SemST,Atheism,AGAINST,POSITIVE
168,168,268,Struggling with identity is very real. Christians need to look in #Christ. He has your #identity and #destiny. tweeters #SemST,Atheism,AGAINST,POSITIVE
169,169,269,"As bad as it looks. As chaos reeks havoc. As dark as the days grow. God still and forever will ever be, always in control. #PHN #SemST",Atheism,AGAINST,POSITIVE
170,170,270,RT @prayerbullets: Let the scepter of Your kingdom be released -Heb. 1:8 #SemST,Atheism,AGAINST,POSITIVE
171,171,271,RT @prayerbullets: Let the gates of my life and city be opened for the King of glory to come in -Ps. 24:7 #SemST,Atheism,AGAINST,POSITIVE
172,172,272,"Let us offer through Jesus a continual sacrafice of praise to God, proclaiming our allegiance to his name.  Hebrews13:15NLT #God #SemST",Atheism,AGAINST,POSITIVE
173,173,273,Beware of the prosperity doctrines of greed and vanity! #deception #Greed #vanity #truth #wisdom #SemST,Atheism,NONE,NEGATIVE
174,174,274,"If @Pontifex thinks it""s scandalous women make less than men for the same work, why are there no women priests #Catholic #Vatican #SemST",Atheism,NONE,NEGATIVE
175,175,275,"Jesus wants you to love those that persecute you, not bring them violence. Love them as He loves you. #theword #truth #Love #Peace #SemST",Atheism,AGAINST,POSITIVE
176,176,276,"God gave us a mind, and He expects Christians to use their own. Don't be led around by the decisions of others #Truth #SemST",Atheism,AGAINST,POSITIVE
177,177,277,"Religious people are people too...... Just bigoted,genitalia mutilating, angry gullible people #SemST",Atheism,FAVOR,NEGATIVE
178,178,278,The desire to reach for the stars is ambitious. The desire to reach hearts is wise.  Maya Angelou #wisdom #truth #SemST,Atheism,NONE,POSITIVE
179,179,279,@POTUS sweet! Congratulations to a rational decision. #SemST,Atheism,NONE,POSITIVE
180,180,280,Therefore confess your sins to each other and pray for each other so that you may be healed. James 5:16 #men #accountability #god #SemST,Atheism,AGAINST,POSITIVE
181,181,281,You have not to be indifferent to those children who are starving in the desert. They and you are being connected to each other. #SemST,Atheism,NONE,NEGATIVE
182,182,282,''They tried to bury us. They didn't know we were #seeds.'' #MexicanProverb #Tolerance #Coexistence #peace #Liberty #OneWorld #SemST,Atheism,NONE,NEGATIVE
183,183,283,RT @WhatChristSaid: Pray as though everything depended on God. Work as though everything depended on you. #Love #Grace #SemST,Atheism,AGAINST,POSITIVE
184,184,284,Why criticise religions? If a path is not your own. Don't be pretentious. And get down from your throne. #peace #worldpeace #SemST,Atheism,AGAINST,POSITIVE
185,185,285,Push through any pain you feel today! Your dreams are worth it! #PowerThrough #NOdaysoff #SemST,Atheism,NONE,POSITIVE
186,186,286,Never get so busy making a living that you forget to make a life. #Life #SemST,Atheism,NONE,POSITIVE
187,187,287,Religious leaders are like political leaders - they say what they think people want to hear.  #freethinker #SemST,Atheism,FAVOR,NEGATIVE
188,188,288,"Satan is busy, but GOD is in control #God #Spiritual #Motivation #Relax #NoWorries #Strength #SemST",Atheism,AGAINST,POSITIVE
189,189,289,"Mary, most sorrowful, Mother of Christians, pray for us. #Catholic #SemST",Atheism,AGAINST,POSITIVE
190,190,290,Greater is He who is in you than he who is in the world. - 1John 4:4 #god #bible #SemST,Atheism,AGAINST,POSITIVE
191,191,291,"@questiontime Amber Rudd is a joke, trying too much to espouse #Thatcherism. #Greece #BAND AID, help our own, be a human being,  #SemST",Atheism,NONE,NEGATIVE
192,192,292,It's #PrayerTime! Call in 7AM Friday 605-475-3220 access code: 685783 #PrayForCharleston #prayforUSA #atlprayer #theLifeLine #SemST,Atheism,AGAINST,POSITIVE
193,193,293,"RT @prayerbullets: Lord, bless my latter end more than my beginning -Job 42:12 #SemST",Atheism,AGAINST,POSITIVE
194,194,294,"RT @SMARFreedom: #Pray for orphans in #NorthKorea,who over the years found themselves homeless.#TeamJesusTweeters #SemST",Atheism,AGAINST,POSITIVE
195,195,295,RT @prayerbullets: I command all spirits of addiction to come out of my appetite in the name of Jesus. #SemST,Atheism,AGAINST,POSITIVE
196,196,296,"#God, because you hold us close, give us the courage to let go when we need to. #SemST",Atheism,AGAINST,POSITIVE
197,197,297,For the #oppression of the #poor for the sighing of the #needy now will I arise. #Psalms 12:5 #Bible #God #SemST,Atheism,AGAINST,POSITIVE
198,198,298,@michaelshermer Praying is ignorance. There's no God. Loving is what matters & it requires honesty. We must conserve h20! #Drought #SemST,Atheism,FAVOR,NEITHER
199,199,299,RT @chasenme01: Ye are the light of the world. A city that is set on an hill cannot be hid. Matthew 5:14 #Shine #BeLight  #SemST,Atheism,AGAINST,POSITIVE
200,200,300,Thou shall think for ones self. #freethought #freethinker #reality #SemST,Atheism,FAVOR,POSITIVE
201,201,301,@julievila and it's almost the end!!! #homeschool #curriculum #SemST,Atheism,NONE,NEITHER
202,202,302,"For no one can lay any foundation other than the one that has been laid, that foundation is #Christ. #SemST",Atheism,AGAINST,POSITIVE
203,203,303,"If current trend of constitution making continues, Indigenous peoples would more than Madhesis- Hachhethu #identity #inclusion #SemST",Atheism,NONE,NEGATIVE
204,204,304,Indigenous would lose more than Madhesi if da current trend of constitution making continues- Hachhethu #identity #federalism #SemST,Atheism,NONE,NEGATIVE
205,205,305,'I'm looking for a seed who would stand for identity forever'- Hachhethu #federalism #identity #SemST,Atheism,NONE,POSITIVE
206,206,306,"I will dwell in a peaceful habitation, in secure dwellings, and in quiet resting places -Isa. 32:18 #SemST",Atheism,AGAINST,POSITIVE
207,207,307,All the  you've given. All the ways you've made. The fact that I'm still living!! How dare I wear  on my face. I'll  #LyricTweet #SemST,Atheism,NONE,NEGATIVE
208,208,308,@wordsporns @TheComedyHumor. I'd rather go to hell then worship some Image created by whites... #SemST,Atheism,FAVOR,NEGATIVE
209,209,309,"I bought the world and sold my heart, You traded heaven to have me again. #SemST",Atheism,AGAINST,POSITIVE
210,210,310,@RozRothstein only answer to the #Israel/#Palestine problem is a #singlesecularstate with a huge emphasis on #SemST,Atheism,NONE,NEGATIVE
211,211,311,Therefore Iwilllook unto theLord; Iwill wait for the God of my salvation: my Godwillhear me. Micah 7:7 #tcot #pjnet #ccot #SemST,Atheism,AGAINST,POSITIVE
212,212,312,"RT @NikeAdeyemi: Faithfulness actually means 'full of faith'. Beyond service and commitment, your heart shld be full of faith. #RWAtl #SemST",Atheism,AGAINST,POSITIVE
213,213,313,"I bind and cast out every spirit of the desert owl, fox, dragon, hyena, and vulture in the name of Jesus -Isa. 34:1115 #SemST",Atheism,AGAINST,NEGATIVE
214,214,314,countless more will die until this race will die by self inflicted genocide #kuwait #shunpoliticalislam #SemST,Atheism,NONE,NEGATIVE
215,215,315,RT @MaggieArdiente: Humanist love to everyone at #100AEUAssembly celebrating @EthicalUnion 100th Anniversary! Amazing! #ethicalcu... #SemST,Atheism,NONE,POSITIVE
216,216,316,"What happened to this world! Attacks in France, Tunisia and Kuwait Kill Dozens!! Is this what you do in Ramadan!!!!? #shameless #SemST",Atheism,NONE,NEGATIVE
217,217,317,I have never been more dismayed for the future of #America than today. We have forgotten why we're here to begin with. #freedom #SemST,Atheism,NONE,NEGATIVE
218,218,318,"It's been a really, really bad week for bigots. #LGBT #Equality #Nondiscrimination #SemST",Atheism,NONE,NEGATIVE
219,219,319,The far right wing is imploding and they can't understand why. Too funny. #SCOTUSMarriage #pot #healthcare #SemST,Atheism,NONE,NEGATIVE
220,220,320,"Small steps eradicating bigotry: remove confederate flags, healthcare for all, legalize gay marriage.  #SemST",Atheism,NONE,POSITIVE
221,221,321,"I don't know which I'm more surprised by, the USA or Ireland, for their action on gay rights. #lgbt #USA #Ireland #SemST",Atheism,NONE,NEGATIVE
222,222,322,"The world was made a better place today, even if it was on a small scale, it was a small step forward. #SemST",Atheism,NONE,POSITIVE
223,223,323,"In other news, this week FoxNews lost half its viewers due to heart attacks. Well, at least they have Obamacare.    #UniteBIue #SemST",Atheism,NONE,NEGATIVE
224,224,324,"On a terrible day elsewhere, President Obama's beautiful, inspiring words on gay marriage are so welcome #equality #hope #SemST",Atheism,NONE,POSITIVE
225,225,325,@WhiteHouse @POTUS #Imagine no religion. There's no God. Loving one another unconditionally is what matters. WTG USA! #LoveWins #SemST,Atheism,FAVOR,POSITIVE
226,226,326,#NewsAlert from Heaven: In an effort to minimize the workload #God decides to only answer #gay #prayers #criticalthinking  #SemST,Atheism,AGAINST,NEGATIVE
227,227,327,"Our country is finally moving beyond outdated, religious definitions of marriage. @RoySpeckhardt @americnhumanist #marriage #SemST",Atheism,FAVOR,POSITIVE
228,228,328,"Now, let's get SCOTUS to rule that ""Under God"" on the currency violates the Establishment Clause.  #freethinker #SemST",Atheism,FAVOR,NEGATIVE
229,229,329,"Our country always had ""legal"" acts that've been ""illegal"" according to God's law  Keep your eyes & service on the only real judge!  #SemST",Atheism,AGAINST,POSITIVE
230,230,330,"IDC what the bible says, constitution says you can take it and shove it right back where it came from .. We aren't a theocracy. #SemST",Atheism,FAVOR,NEGATIVE
231,231,331,Today is the day we finally join other free nations in celebrating equality for all. Long overdue. #LoveWins #SemST,Atheism,NONE,POSITIVE
232,232,332,"A win for health care, a win for love. It's been a good two days. #SemST",Atheism,NONE,POSITIVE
233,233,333,@wolfblitzer When r u going to get some balls & stand up against the insanity of god worship. #FuckReligion #FuckJesus #SemST,Atheism,FAVOR,NEGATIVE
234,234,334,@wolfblitzer When r u going to stand up against the stupidity of faith; belief w/o evidence? #FuckReligion #FuckJesus #SemST,Atheism,FAVOR,NEGATIVE
235,235,335,"A defining moment for the U.S. yes, but even more so for the human species. We continue to march forward. #ProudToLove #LoveWins #SemST",Atheism,NONE,POSITIVE
236,236,336,Fruity Pebbles might just be the perfect breakfast today. :)  #LoveWins #LoveIsLove #SCOTUSMarriage #LoveNeverFails #Pride2015 #SemST,Atheism,NONE,POSITIVE
237,237,337,A big MUAH to everyone in America! #LoveWins #MarriageEquality #SemST,Atheism,NONE,POSITIVE
238,238,338,I'm so proud of the U.S. Let's keep the momentum going and make more progress for all. #LoveWins #SemST,Atheism,NONE,POSITIVE
239,239,339,"Do nothing for #God , Do everything for humans. #freethinker #LoveWins #SemST",Atheism,FAVOR,NEITHER
240,240,340,We all end to come out! #Diversity be who you are. #SemST,Atheism,NONE,POSITIVE
241,241,341,Today makes me really happy because we are one step closer to full equality in America  #SemST,Atheism,NONE,POSITIVE
242,242,342,I know why he has to do it. Given the audience and the events. But the God talk in President Obama's speech jars with me. A lot. #SemST,Atheism,FAVOR,NEGATIVE
243,243,343,I am strong because I am wise and full of knowledge -Prov. 24:5 #SemST,Atheism,AGAINST,POSITIVE
244,244,344,Graveyards owned by the local authority are available to people of all religions or none. #SemST,Atheism,NONE,POSITIVE
245,245,345,"@DragonflyJonez @GKJill Yeah, well, he wasn't a fan of gay marriage a few years ago, so let's just see how this goes, ok? #SemST",Atheism,NONE,NEGATIVE
246,246,346,Defend me from those who rise up against me -Ps. 59:1 #SemST,Atheism,AGAINST,POSITIVE
247,247,347,"atheism involves what a person does or does not believe, agnosticism involves what a person does or does not know.  #Waterford #SemST",Atheism,NONE,NEITHER
248,248,348,One don't have to kill the old ones for a newly born !   #Life #Humanity #SemST,Atheism,NONE,NEGATIVE
249,249,349,@GovMikeHuckabee Read Article 11 of the Tripoli Treaty in which Pres. John Adams makes clear America is NOT a Christian nation #SemST,Atheism,FAVOR,NEGATIVE
250,250,350,@the_bodd I can see why it's deleted lol #LoveWins #reasonoverreligion #SemST,Atheism,FAVOR,POSITIVE
251,251,351,"Just because the Supreme Court grants something, doesn't make anything equal. Equality, like anything else, is matter of the heart. #SemST",Atheism,NONE,NEITHER
252,252,352,Today I am glad to have one more reason to be proud of the country I live in:) #lovewins #LGBT #SCOTUS #freedom #SemST,Atheism,NONE,POSITIVE
253,253,353,@FrMatthewLC...or maybe random shit happens to everyone regardless of whether or not they have a make-believe friend. #SemST,Atheism,FAVOR,NEGATIVE
254,254,354,"@ChooseToBFree @xfranman @NBCNews Thomas Jefferson & George Washington did not believe in an afterlife, Thomas Paine was atheist #SemST",Atheism,FAVOR,NEITHER
255,255,355,Imagine how amazing the world would be without religion. No wars. No hate (religion wise). No extremist.  #SemST,Atheism,FAVOR,POSITIVE
256,256,356,@ChooseToBFree @xfranman Read a book that isn't about a burning bush and maybe you'll learn something #LoveWins #SemST,Atheism,FAVOR,NEGATIVE
257,257,357,@xfranman Old age has not made you any wiser or more mature. For shame! #SemST,Atheism,NONE,NEGATIVE
258,258,358,Most people need love and acceptance a lot more than they need advice.  - Bob Goff #inspiring #quote #lovedoes #love #christian #SemST,Atheism,AGAINST,POSITIVE
259,259,359,Have you sensed the summons to your journey? #spirituality #SemST,Atheism,AGAINST,POSITIVE
260,260,360,sagar wadekar on spirituality: Have you sensed the summons to your journey? #spirituality #SemST,Atheism,AGAINST,POSITIVE
261,261,361,"@WBCSaysRepent How do you feel now you evil, hompohobic, hypocritical, lying bunch of lunatics? YOU LOST. GOD LOST. LOVE WON. #SemST",Atheism,FAVOR,NEGATIVE
262,262,362,Come out of every circle of limitation and affliction in Jesus' Name. #solutionnight #goodthing #SemST,Atheism,AGAINST,POSITIVE
263,263,363,"#thebriefcase Ignorant, fanatical pieces of shit shouldn't be glorified on television. Disgusting. #SemST",Atheism,NONE,NEGATIVE
264,264,364,Very excited that the #SCOTUS ruled in favor of #MarriageEquaility   #LoveWins  #SemST,Atheism,NONE,POSITIVE
265,265,365,Humanist Canada stands by the US Supreme Court ruling in favor of marriage equality! #LoveWins #LoveIsLove #MarriageEquaility #SemST,Atheism,NONE,POSITIVE
266,266,366,#ColumbiaHonraaSriSri yet his own country #Bharat doesn't value @srisri 's contribution cos it is #SemST,Atheism,NONE,NEGATIVE
267,267,367,"Didn't do what I came out to do today, but God always has a plan #trust #GodisGood #SemST",Atheism,AGAINST,POSITIVE
268,268,368,If I get this one job in Charlotte I'll be good  #SemST,Atheism,NONE,POSITIVE
269,269,369,It looks like very soon homosexuality will only be illegal in Islamic states. #SemST,Atheism,NONE,POSITIVE
270,270,370,@irenesconcierge i doubt that. The other day two Libyan soldiers raped a guy in England while on a training mission. #SemST,Atheism,NONE,NEGATIVE
271,271,371,"1 Holy Mary Mother of God, pray for us sinners now and at the hour of our death. Amen. #rosary #TeamJesus #SemST",Atheism,AGAINST,NEGATIVE
272,272,372,Thankful for another day of this awesome life God has given us :) #peace #thankful #goodFather #abundant #joy #life #goodness #SemST,Atheism,AGAINST,POSITIVE
273,273,373,You stick in the postcode on where you want to go and God will set the SatNav onhow to get there @davegilpin  @HopeCity #Destiny #SemST,Atheism,AGAINST,POSITIVE
274,274,374,"After all, is football a game or a religion? ~Howard Cosell #SemST",Atheism,NONE,NEGATIVE
275,275,375,@GregAbbott_TX which god? Yours? not mine. oh wait i don't have one. #LoveWins #SemST,Atheism,FAVOR,NEGATIVE
276,276,376,"From the fear of being suspected, deliver me, Jesus. #Catholic #SemST",Atheism,AGAINST,POSITIVE
277,277,377,"Jesus Christ is the same yesterday, today & forever! He is the only constant! He's never failed anybody. #faithful #Friend #Father  #SemST",Atheism,AGAINST,POSITIVE
278,278,378,All we need is to go back to our roots and get closer to nature.  #simplelife #liveeasy #foodforall #goslow #SemST,Atheism,NONE,POSITIVE
279,279,379,"Never give up, you beautiful fuckers. #Optimism #MotivationalDemotivational #SemST",Atheism,NONE,POSITIVE
280,280,380,Exodus 20:3-4 You shall have no other gods before Me. You shall not make for yourself an image in the form of anything. #SemST,Atheism,AGAINST,POSITIVE
281,281,381,Mercy lifted me up from a broken road so that I may live with a greater purpose #SemST,Atheism,AGAINST,POSITIVE
282,282,382,RT @IntrovertAngry: Too much #MinorityAppeasement in India. No room for #SemST,Atheism,NONE,NEGATIVE
283,283,383,"@PatrickClare1 in Alberta, she could receive abstinence misinfo & shame in a public school and be forced to pray.  #abed not #SemST",Atheism,FAVOR,NEGATIVE
284,284,384,"In the fear of the Lord there is strong confidence, And His children will have a place of refuge. Proverbs 14:26 #SemST",Atheism,AGAINST,POSITIVE
285,285,385,Looks like I lost about ten followers yesterday. #lol #bye #LoveWins #SemST,Atheism,NONE,NEGATIVE
286,286,386,You can't reason with crazy. You are crazy just for trying. Damn! I guess we are all crazy. #Humans #SemST,Atheism,NONE,NEGATIVE
287,287,387,Remeber...the difference between stumbling blocks and stepping stones...is how you use them. #servantleader #leadership  #SemST,Atheism,NONE,POSITIVE
288,288,388,God is so good! All the praises go up to Him! #SemST,Atheism,AGAINST,POSITIVE
289,289,389,How to be a Happy CAMPER? Competency Autonomy Mastery Purpose Engagement Relationships create well being/meaning #100AEUAssembly #SemST,Atheism,NONE,POSITIVE
290,290,390,"The Christian is not defined by the absence of sin, but by the presence of repentance. @Gospel_Project #gospel #SemST",Atheism,AGAINST,POSITIVE
291,291,391,Nothing lies beyond the reach of prayer except that which lies outside the will of #God. ~Unknown #Quote #TeamJesus #SemST,Atheism,AGAINST,POSITIVE
292,292,392,Take your #destiny out of the hands of people & place it in the hands of God. #SemST,Atheism,AGAINST,POSITIVE
293,293,393,People keep asking if I'm going to be a vicar so much I'm scared it might actually happen  #christianvocations #theology #help #SemST,Atheism,AGAINST,NEGATIVE
294,294,394,Fallacies do not cease to be fallacies because they become fashions.  G.K. Chesterton #trends #fads #fashions #temporal #SemST,Atheism,NONE,POSITIVE
295,295,395,Religious leader's pay depends on convincing you that their pile of superstitions is actually true. #freethinker #SemST,Atheism,FAVOR,NEGATIVE
296,296,396,It will never get old to hear when Christians lead others to ultimate love & hope! #disciples #share #gospel #JesusChangesEverything #SemST,Atheism,AGAINST,POSITIVE
297,297,397,"I see more and more people each day question God's work and why he does things. If you believe, you shouldn't have any questions. #SemST",Atheism,AGAINST,POSITIVE
298,298,398,"St. Philomena, invincible champion of chastity, pray for us. #Catholic #SemST",Atheism,AGAINST,POSITIVE
299,299,399,This is the Day that The LORD has made. Let us rejoice and be glad in it!!!! #Sunday #SemST,Atheism,AGAINST,POSITIVE
300,300,400,"If you look around you, there is much to be enraptured by. Be awake. #spirituality #SemST",Atheism,AGAINST,POSITIVE
301,301,401,Keep the faith. The most amazing things in life tend to happen right at the moment you're about to give up hope. #SemST,Atheism,AGAINST,POSITIVE
302,302,402,@terrybrown5367 Except for (possibly) Craig Stephen Hicks. #ChapelHillShooting #SemST,Atheism,NONE,NEITHER
303,303,403,"God didn't call us to change people, that's His job. He called us to share the gospel. #SemST",Atheism,AGAINST,POSITIVE
304,304,404,"God is faithful, his gospel is powerful, and the Spirit is transforming. #church #Sunday #SemST",Atheism,AGAINST,POSITIVE
305,305,405,They were all filled with the Holy Spirit and began to speak in foreign tongues as the Holy Spirit prompted them to speak #SemST,Atheism,AGAINST,POSITIVE
306,306,406,I'm not reading that mother fucking book because a human wrote it! #religiousfreedom #Humanslie #SemST,Atheism,FAVOR,NEGATIVE
307,307,407,@AmyMek The establishment clause sets our country apart and prevents the radical religious zealots from taking charge.  Respect it #SemST,Atheism,FAVOR,POSITIVE
308,308,408,@moealqadi Why #buddhism works! We except ALL as they R. No judgement Mexican-American #socialjustice #worldpeace #happy #freedom #SemST,Atheism,AGAINST,POSITIVE
309,309,409,It was a lot of fun hearing @SethAndrewsTTA talk about his new book #SacredCows. @ThinkingAtheist #GodlessGala #SemST,Atheism,FAVOR,POSITIVE
310,310,410,Shout It From The Mountain Tops. Scream Out His Name In Praise.  You Don't Have To Be A Christian Or Go To Church To Worship #SemST,Atheism,AGAINST,POSITIVE
311,311,411,RT @Letha_Hughes: A belief in a cruel god makes a cruel man. ~ Thomas Paine  #Christianity #Islam #SacrilegeSu... #SemST,Atheism,FAVOR,NEGATIVE
312,312,412,@LavenderPurpleG an hour? You need to buy better weed @l1ght3n #weed #SemST,Atheism,NONE,NEGATIVE
313,313,413,"Happy Sun's day my friends. if any of you find god, sit down,breathe deeply and count to 10,you're having a delusion,it'll pass. #SemST",Atheism,FAVOR,NEGATIVE
314,314,414,Proud of how many multi colour profile pictures I have been seeing on social media over past 3 days. Awesome view:) #LGBTRights #SemST,Atheism,NONE,POSITIVE
315,315,415,I am against religion because it teaches us to be satisfied with not understanding the world. - @RichardDawkins #SemST,Atheism,FAVOR,NEGATIVE
316,316,416,"Verily, verily, I say unto you, The servant is not greater than his lord...  John 13:16 KJV   #LordOfLords  #KingOfKings #SemST",Atheism,AGAINST,NEGATIVE
317,317,417,A pair of hands working 2gether is far better than a thousand hands clasped in prayers..!! #FreedomFromReligion #SemST,Atheism,FAVOR,POSITIVE
318,318,418,"Oh Jesus, We write songs to praise you.#Songwriters #wewrite #Songs #Praiseyou #SemST",Atheism,AGAINST,POSITIVE
319,319,419,Religion is the recognition of all our duties as divine commands. ~Immanuel Kant #SemST,Atheism,AGAINST,POSITIVE
320,320,420,"No prayer is useless, wasted, or unheard! #powerofprayer #SemST",Atheism,AGAINST,POSITIVE
321,321,421,Good morning. Praise the LORD; For His mercy endures FOREVER!!! #Repent #USA #JesusIsLord #Hallelujah #PraisetheLord #homosexuality #SemST,Atheism,AGAINST,POSITIVE
322,322,422,"We think the message will offend people, but we must tell the #truth of God's word, it has the #power to change lives. #SemST",Atheism,AGAINST,POSITIVE
323,323,423,I like how I'm banned from the FFAF(Freedom from Atheism Foundation) on Facebook. I guess I was too harsh in my comments.. #SemST,Atheism,AGAINST,NEGATIVE
324,324,424,Thoughts go out to family who have lose someone in Tunisia shooting . So glad they shot him down on the spot! #terrorist #Tunisia #SemST,Atheism,NONE,POSITIVE
325,325,425,"Happy #SundayFunday, Mortals! #LoveWins & @GovMikeHuckabee loses. Honestly? #ICouldUseALittleMoreCowbell!  #FSM #atheists #SemST",Atheism,FAVOR,NEITHER
326,326,426,74 aspiring #warriors joined us for a chat on morals. The #SCOTUSMarriage decision featured heavily in this topic. #LoveWins #SemST,Atheism,NONE,POSITIVE
327,327,427,"On balance, religion does more harm than good.   #freethinker #SemST",Atheism,FAVOR,NEGATIVE
328,328,428,You'd be blind not to see that this amazing moment in time is not being celebrated by religious zealots. #LoveWins #SemST,Atheism,FAVOR,POSITIVE
329,329,429,"Moral landscape of this age = 7 billion reflections, 7 billion personal ideas, 7 billion pleasures & 7 billion comforts. #Bankrupt #SemST",Atheism,NONE,NEGATIVE
330,330,430,"Before any African American goes to church, they should realize that their make believe god supported their slavery.  #SemST",Atheism,FAVOR,NEGATIVE
331,331,431,"Before going to church, African Americans should realize that their make believe god supported slavery.  #confed2015 #SemST",Atheism,FAVOR,NEGATIVE
332,332,432,Take hold of your Authority in Christ! Take back what the enemy has stolen! #authority #Life #Calling #SemST,Atheism,AGAINST,POSITIVE
333,333,433,"#Lord Jesus, You are altogether lovely! O Lord #Jesus, You are altogether lovely! -LifeAndBuildingAsPortrayedInTheSongOfSongs  #SemST",Atheism,AGAINST,POSITIVE
334,334,434,saw @ChemBros at the Essential Festival in Brighton too #khole #SemST,Atheism,NONE,NEITHER
335,335,435,Growing up watching David Attenborough is part of the reason I feel the way I do about our planet and my despising of religion. #SemST,Atheism,FAVOR,NEGATIVE
336,336,436,I hate it when I try to create something new and get shut down by something old. #SyFy #creative #LIFE #SemST,Atheism,NONE,NEGATIVE
337,337,437,Religion is like a booger on the face of the earth. Atheists have the tissues.  #church #god #pray #SemST,Atheism,FAVOR,NEGATIVE
338,338,438,"I will not lack favor for my life, for with favor the Lord will surround me as a shield -Ps. 5:12 #SemST",Atheism,AGAINST,POSITIVE
339,339,439,"#U2ieTour Wish the lads would've matured past Christianity, like I did. But I got a science education. They didn't. SoTheyR stuck. #SemST",Atheism,FAVOR,NEGATIVE
340,340,440,"Light is not called into Light, its called into Darkness! Why fear if Christ is leading you? #chicago #newyork #miami #SemST",Atheism,AGAINST,POSITIVE
341,341,441,@_kissmysassyass and you don't support equality because of a myth... something has got you ALL messed up.  #SemST,Atheism,NONE,NEGATIVE
342,342,442,"@AbbsWinston @charlesfrith Religion its all bloody man made & causes mankind to be so hateful & to control each other, give us #SemST",Atheism,FAVOR,NEGATIVE
343,343,443,"We love not by finding a perfect person, but by learning to see an imperfect person perfectly. #love #SemST",Atheism,NONE,POSITIVE
344,344,444,Blessed is he who comes in the name of the LORD. From the house of the LORD we bless you. Psalm 118:26 #SemST,Atheism,AGAINST,POSITIVE
345,345,445,"BIBLE EXPO! here at  TRUTHCASTER,COM  Please come. Thanks! #Bible #Expo #Truths #SemST",Atheism,AGAINST,POSITIVE
346,346,446,The dominance of #Islam becomes evident when a smartphone types #Ramayana as #Ramadan. Allah hu Akbar! #SemST,Atheism,AGAINST,NEGATIVE
347,347,447,Daily time in God's Word yields lasting freedom. #assurance #SemST,Atheism,AGAINST,POSITIVE
348,348,448,@HijabiSmile @NAInfidels @captains_pick @Pinchey1964 Both are utterly stupid and useless anyway. #liberalism #democracy #SemST,Atheism,NONE,NEGATIVE
349,349,449,"@SWiSS is proud to announce @ShelleySegal will be guest of honor at this year's Halloween party, and Hunger Task Force food drive. #SemST",Atheism,NONE,POSITIVE
350,350,450,"@narrowwaychurch if u discriminate based on ur religion, be ready to be discriminated against for having that religion. @pookstahr #SemST",Atheism,FAVOR,NEGATIVE
351,351,451,"RT @MarlaMcCarthy: If you know that God's hand is in everything, you can leave everything in God's hand. Rest in Him. #peace #rest #SemST",Atheism,AGAINST,POSITIVE
352,352,452,Jesus Performed great miracles Some people still could not believe Him. Because they did not believe Him They had no faith Belief is #SemST,Atheism,AGAINST,POSITIVE
353,353,453,Shivaji Maharaj had 700 pathans. 35% muslim soldiers. Two muslim bodyguards. Stop glorifying him as anti muslim u idiot Bhakts!! #SemST,Atheism,NONE,NEGATIVE
354,354,454,so dumb that politicians in the U.S. are obligated to sprinkle in religious language when talking to constituents  #SemST,Atheism,FAVOR,NEGATIVE
355,355,455,Peace I leave with you; my peace I give to you. | John 14:27a | #SemST,Atheism,AGAINST,POSITIVE
356,356,456,Faithful He has been. Faithful He will be. #SemST,Atheism,AGAINST,POSITIVE
357,357,457,"Just for today, help me, God, to remember You. Let this be a good day, God, full of joy and love. Amen. #God #SemST",Atheism,AGAINST,POSITIVE
358,358,458,The enemy will not be threatened by your faith until you decide to live by it. #SemST,Atheism,AGAINST,POSITIVE
359,359,459,"I took my troubles to the Lord: I cried out to him, and he answered my prayer. Psalm 120:1 #signposts #powerofprayer #SemST",Atheism,AGAINST,POSITIVE
360,360,460,"2/2 If you have adequate numbers, pls consider estab. volunteer fire pickets #WhoIsBurningBlackChurches #SemST",Atheism,NONE,NEITHER
361,361,461,(it's just a night watcheasy to set up. staggered pickets (google it) work best)  #WhoIsBurningBlackChurches #SemST,Atheism,NONE,NEGATIVE
362,362,462,You have to believe that #God is in control. That means there is no need to be stressed out and worried. #SemST,Atheism,AGAINST,POSITIVE
363,363,463,Both gods and religion where made up by some folks in antiquity to help explain things.  #freethinker #SemST,Atheism,FAVOR,NEGATIVE
364,364,464,"1 Corinthians 13:13 ""So now faith, hope, and love abide, these three;  but the greatest of these is love."" #God #Love #Hope #Bible #SemST",Atheism,AGAINST,POSITIVE
365,365,465,"The god named ""God"" is really just another god.  #freethinker #SemST",Atheism,FAVOR,NEGATIVE
366,366,466,"It is our choices that show who we truly are, far more than our abilities. - Albus Dumbledore, Harry Potter  #humanist #SemST",Atheism,NONE,POSITIVE
367,367,467,Any sane person who advocates positive change in the world would be against religion. It's easy to see the damage it does. #SemST,Atheism,FAVOR,NEGATIVE
368,368,468,Thou shalt not boil a kid in its mother's milkExodus23:19  Thank god I'm an atheist! #FUNDAMENTIA #BibleVerses #god #christianity #SemST,Atheism,FAVOR,NEGATIVE
369,369,469,"Because He has inclined His ear to me, therefore I will call upon Him as long as I live Ps 116:2 #SemST",Atheism,AGAINST,POSITIVE
370,370,470,#WhatIKnowAboutIslam helped me 2 find The Truth in other religions #Christianity #Buddhism #Judaism & in #SemST,Atheism,AGAINST,POSITIVE
371,371,471,@antgerrard86 it is. faith means believing in something without evidence and with that you can justify anything. #scary #SemST,Atheism,FAVOR,NEGATIVE
372,372,472,1 Cor 15:58 ...stand firm...Always give yourselves fully to the work of the #Lord...your labor in the Lord is not in vain > #God #SemST,Atheism,AGAINST,POSITIVE
373,373,473,Happiness is the pursuit of life and liberty. #TheLUPOL #theism #futurism #SemST,Atheism,FAVOR,POSITIVE
374,374,474,"@raosahab everybody knows this, except #Presstitutes and #SemST",Atheism,NONE,NEGATIVE
375,375,475,RT @prayerbullets: The man of God is humble in spirit; he retains honor -Prov. 29:23 #SemST,Atheism,AGAINST,POSITIVE
376,376,476,"Restore to me the joy of your salvation and grant me a willing spirit, to sustain me. (Psalm 51:12 NIV) #WordOfLife #SemST",Atheism,AGAINST,POSITIVE
377,377,477,"How did the crucifixion of #Christ lead the world to #salvation, when the only thing it started was the #DarkAges? #skepticism #SemST",Atheism,FAVOR,NEGATIVE
378,378,478,"Catholics should be proud of the 4 God-fearing, Bible believing justices that defended the Faith and our Nation. #SCOTUS #tcot #SemST",Atheism,AGAINST,POSITIVE
379,379,479,I just fucked what could have been George Michael circa 1989. #flashbackfuck #SemST,Atheism,NONE,NEGATIVE
380,380,480,"God blessed you with 100 dollars? AIDS and Ebola are ripping through kids in Africa, but yo black ass can pay your cable bill. GAWD #SemST",Atheism,NONE,NEGATIVE
381,381,481,"RT @prayerbullets: Lord, let me prosper like Abraham -Gen. 24:35 #SemST",Atheism,AGAINST,POSITIVE
382,382,482,Weeping may endure for a night but JOY comes in the morning. You may be going through a midnight hour-but morning is coming! #God #SemST,Atheism,AGAINST,POSITIVE
383,383,483,"To judge if something is humane, ask yourself how you'd feel if it were happening to you. #beagoodfuckingperson #SemST",Atheism,NONE,NEGATIVE
384,384,484,its gonna be worth it. its gonna work out. #SemST,Atheism,NONE,POSITIVE
385,385,485,Don't wait. The time will never be just right. #thoughtoftheday #JUSTDOIT #SemST,Atheism,NONE,POSITIVE
386,386,486,"Religion lies on a collective apophenia, but you need certain conditions to keep it on and those are disappearing #SemST",Atheism,FAVOR,NEGATIVE
387,387,487,"Religion causes an arrested social development, which stopped having any sense centuries ago #SemST",Atheism,FAVOR,NEGATIVE
388,388,488,"You: yes, you. You are a beautiful mammal. The world is better with you around. #UniversalLoveAndAlsoTacos #SemST",Atheism,NONE,POSITIVE
389,389,489,"For the sake of Your name, O LORD, revive me. In Your righteousness bring my soul out of trouble Ps 143:11 #revival #SemST",Atheism,AGAINST,POSITIVE
390,390,490,God rejoices when we manifest a faith that holds Him to His Word. - Smith Wigglesworth Devotional #SemST,Atheism,AGAINST,POSITIVE
391,391,491,Hallelujah! You have overcome! You have overcome! Jesus has overcome the world! @DarleneZschech had 'Victor' in my heart all day!  #SemST,Atheism,AGAINST,POSITIVE
392,392,492,"Angels of God pray for us, direct our steps, and protect us from all evil as we strive to do God's will in our daily lives. #SemST",Atheism,AGAINST,POSITIVE
393,393,493,"Take away hatred from some people, and you have men without faith. ~Eric Hoffer #SemST",Atheism,AGAINST,NEGATIVE
394,394,494,"Jesus is worth whatever you have to go through. Even when it seems as if you're by yourself, you're not alone. Be encouraged. #SemST",Atheism,AGAINST,POSITIVE
395,395,495,True faith is belief in the reality of absolute values. ~ William Ralph Inge #SemST,Atheism,AGAINST,POSITIVE
396,396,496,Pain and setbacks are a part of life. Stay in faith. Don't put a question mark where #God put a period.  #SemST,Atheism,AGAINST,POSITIVE
397,397,497,RT @prayerbullets: Jesus is my peace. #SemST,Atheism,AGAINST,POSITIVE
398,398,498,RT @prayerbullets: I will not allow the enemy to abort any plan of God for my life. #SemST,Atheism,AGAINST,NEGATIVE
399,399,499,@JerryBrownGov #ShameOnYou for putting politicians and physicians above #ParentalRights and #SB277 #SemST,Atheism,AGAINST,NEGATIVE
400,400,500,"Lord, You are my Hope! In You I will always trust. #SemST",Atheism,AGAINST,POSITIVE
401,401,501,"@TIME You forgot, ""Release yourself from the binds of historical fiction. #SemST",Atheism,AGAINST,NEGATIVE
402,402,502,I have a dream ! The end of religion  #AP666 #AtheistRollCall #TeamAtheist #freethinker #freedom #SemST,Atheism,AGAINST,NEGATIVE
403,403,503,Two hands working can do more than a thousand clasped in prayer. - Madalyn Murray O'Hair #SemST,Atheism,AGAINST,POSITIVE
404,404,504,Any man-made ideology will always be flawed due to Man's limitations and biases. #MuslimsSalvageYourselves #SemST,Atheism,AGAINST,NEGATIVE
405,405,505,DID YOU KNOW: The 2nd Amendment is in place 'cause politicians ignore the #CONSTITUTION. #PJNET #SOT #tcot #bcot #ccot #2ndAmendment #SemST,Atheism,AGAINST,NEGATIVE
406,406,506,Faith is being in the impossibilities that we don't believe will happen #SemST,Atheism,AGAINST,POSITIVE
407,407,507,"@AnitaLea1 Amen, and Amen. #Hallelujah , to the Lamb of God; For He is worthy to be praised!!! #PraisetheLord #Christians #Church #US #SemST",Atheism,AGAINST,POSITIVE
408,408,508,Bigoted much? Rt>@RockyMtsunshine no doubt you were there in your pink tights and matching feathers and saw the whole non-thing? #SemST,Atheism,AGAINST,NEGATIVE
409,409,509,Anyone can feel the ache You think it's more than you can take  But you're stronger than you know  #SemST,Atheism,AGAINST,POSITIVE
410,410,510,These sentences are postcards to future versions of ourselves. Say hello. #spirituality #SemST,Atheism,AGAINST,POSITIVE
411,411,511,Will you fail an already win?...just to call it quits on God?! Believe he will and he can! #SemST,Atheism,AGAINST,POSITIVE
412,412,512,@drjohnstl good to know. I disagree with spirituality asit takes away frm realizing the human condition. We must focus on reality. #SemST,Atheism,AGAINST,NEGATIVE
413,413,513,"Don't be fooled, the prayers of the wicked are useless. #User #SemST",Atheism,AGAINST,NEGATIVE
414,414,514,RT @Behold_TheLamb: There is nothing to worry about if you have trusted Jesus Christ alone as your Savior for your sins. #FriendOfSi... #SemST,Atheism,AGAINST,POSITIVE
415,415,515,"RT @Paula_White: If you can see the invisible, you can do the impossible. #SeeTheGrapes #SemST",Atheism,AGAINST,POSITIVE
416,416,516,@leedanielsent come on I'm waiting for you to discover me #suppertalented #dreamer #golds #EmpireFOX #Humble #motivation  #SemST,Atheism,AGAINST,POSITIVE
417,417,517,"Mathew 8:3 ""Jesus reached out his hand and touched the [leper]."" Are you willing to #love the unlovable? #christ #SemST",Atheism,AGAINST,POSITIVE
418,418,518,My bible study started Mercy Triumphs by @BethMooreLPM tonight- have a feeling the next 7 weeks will be amazing. #brothers #believers #SemST,Atheism,AGAINST,POSITIVE
419,419,519,@JAHservant9 All are Sinners that's why we need a savior #SemST,Atheism,AGAINST,NEGATIVE
420,420,520,"As you follow Me, I lead you along paths of newness: ways you have never imagined. - @Jesus_Calling  #SemST",Atheism,AGAINST,POSITIVE
421,421,521,I take of the water of life freely -Rev. 22:17 #SemST,Atheism,AGAINST,POSITIVE
422,422,522,I hope no one is hurt. #WhoIsBurningBlackChurches #EndRacism #LoveWins #SemST,Atheism,AGAINST,POSITIVE
423,423,523,I break curses of death spoken against America by people from other nations in the name of Jesus. #SemST,Atheism,AGAINST,NEGATIVE
424,424,524,Fill your church with holy fascination for the man Christ Jesus. He is what we need. #worthy #onething #magnificent #obsession #SemST,Atheism,AGAINST,POSITIVE
425,425,525,@zManoj @SanghParivarOrg when some schools were served soya beans and milk in some of the schools instead of egg there was outrage #SemST,Atheism,AGAINST,NEGATIVE
426,426,526,What credit rating would you give a debtor who won't pay back unless you are dead? #SemST,Atheism,AGAINST,NEGATIVE
427,427,527,But I am like a green olive tree in the house of God; I will trust in the mercy of God forever and ever -Ps. 52:8 #SemST,Atheism,AGAINST,POSITIVE
428,428,528,"#AskBobby If you were president, would you institute the Christian version of Sharia Law?  #SemST",Atheism,AGAINST,NEITHER
429,429,529,@alomshaha @BHAhumanists will be there with a few friends. Looking forward to it. #SemST,Atheism,AGAINST,POSITIVE
430,430,530,"You can have everything in this life, but as long as you are not pleasing #God, there will always be a void in your heart. #SemST",Atheism,AGAINST,POSITIVE
431,431,531,"Meanwhile,  whilst others attempted to distract me, I continued on with my quest.  I succeeded.   #AntiSatan #AntiBibles #SemST",Atheism,AGAINST,POSITIVE
432,432,532,You have got to make up in your mind that you are going to trust God to guide you no matter what it looks like. He will do it! #SemST,Atheism,AGAINST,POSITIVE
433,433,533,#ChristianPrivilege is knowing that only your prayer will be promoted in #abed public #schools like #taber #glendon #ftsask #SemST,Atheism,AGAINST,POSITIVE
434,434,534,@bdutt @lalitkmodi @mohdasim1  ohh .so i think why r u seculr ... nice friend #SemST,Atheism,AGAINST,NEGATIVE
435,435,535,"Instead of : ""Let's have a quick word of prayer before we start."" Try: ""Let's be quick to pray before we start."" #undefeated #fca #SemST",Atheism,AGAINST,POSITIVE
436,436,536,"I pray for a hedge of protection around my mind, body, finances, possessions, and family in the name of Jesus. #SemST",Atheism,AGAINST,POSITIVE
437,437,537,"When we spend time in God's presence, the burdens we carry are transferred from our shoulders to more capable ones--His. #SemST",Atheism,AGAINST,POSITIVE
438,438,538,"The most important thing in this world with me, more important than my family, is pleasing God. His test produce undeniable faith. #SemST",Atheism,AGAINST,POSITIVE
439,439,539,"@ktumulty The same reasons people believe in the Bible, Koran, Talmud, etc. Ignorance. Lack of education. Poverty of intelligence. #SemST",Atheism,AGAINST,NEGATIVE
440,440,540,The BHA conference in Bristol was a great success with 470 members in attendance #BHA2015 #SemST,Atheism,AGAINST,POSITIVE
441,441,541,It was great to meet the staff from @BHAhumanists to better understand their roles and how they can help local groups #BHA2015 #SemST,Atheism,AGAINST,POSITIVE
442,442,542,@DrAliceRoberts was awarded Humanist of the Year at the gala dinner and she even signed her book for us #BHA2015 #SemST,Atheism,AGAINST,POSITIVE
443,443,543,We look forward to Birmingham in 2016! #BHA2015 #BHA2016 #SemST,Atheism,AGAINST,POSITIVE
444,444,544,"@jeff_hollander Bless Almighty God, Almighty Holy Spirit and the Messiah. #SemST",Atheism,AGAINST,POSITIVE
445,445,545,@Brasilmagic Ignorance does that to people. Gotta love them so they can learn to love AS WELL. #EndRacism #LoveYourNeighbor #Peace #SemST,Atheism,AGAINST,POSITIVE
446,446,546,@nytopinion I hope they begin to face reality. There's no God. Loving eo unconditionally is what matters. #WakeUpAmerica #Peace #SemST,Atheism,AGAINST,NEGATIVE
447,447,547,"Maher is  a comedian and nothing more. And unfortunately, he's not that good of a comedian. #islam #SemST",Atheism,AGAINST,NEGATIVE
448,448,548,Reason 847 I don't believe in God: attacked by a waterbug.*shudders* #SemST,Atheism,AGAINST,NEGATIVE
449,449,549,You will never control yourself until you confront self as a problem.-Pastor Merritt #Christian #Church #SemST,Atheism,AGAINST,NEGATIVE
450,450,550,"Humble yourselves therefore under the mighty hand of #God, that he may exalt you in due time.  (1 Peter 5:6 KJV) #HolyBible #SemST",Atheism,AGAINST,POSITIVE
451,451,551,Secularism. . .secularism. I'm just gonna say this one more time. Secularism. Learn it. #religiousfreedom #freedomfromreligion #SemST,Atheism,AGAINST,NEGATIVE
452,452,552,"Hand on my heart, this much is true, there's NO life apart from you. #LayMeDown #SemST",Atheism,AGAINST,POSITIVE
453,453,553,I could never take the idea of religion very seriously. ~Joyce Carol Oates #SemST,Atheism,AGAINST,NEGATIVE
454,454,554,"RT @Greatest__Minds: ""Faith activates God - Fear activates the Enemy."" ~ Joel Osteen #quotes #SemST",Atheism,AGAINST,POSITIVE
455,455,555,Our Father who art in heaven hallowed be Thy name. Thy kingdom come. Thy will be done on earth as it is in heaven #rosary #teamjesus #SemST,Atheism,AGAINST,POSITIVE
456,456,556,"Seek the whole, genuine truth. Listen to wisdom when He speaks. Catch His heart beat and abide as well as reside in Him.  #SemST",Atheism,AGAINST,POSITIVE
457,457,557,Prayer is a gift. Trusting and walking in it is a blessing. #Yeshua #GetToKnowHim #RelationshipIsKey #KeepWalkingByFaith #SemST,Atheism,AGAINST,POSITIVE
458,458,558,@ambedkarperiyar @ndtv @BDUTT  I have a problem with everyone who is sensationalising news! Crazy how people have forgotten #SemST,Atheism,AGAINST,NEGATIVE
459,459,559,"Atheists don't believe in Satan either, so all you Satanists out there, put the sacrifice down and go have a beer! #beer #SemST",Atheism,AGAINST,NEGATIVE
460,460,560,Interestingly burning your wife alive suspecting her chastity is a great justice Ram style. @RamaY_BRF @madhukishwar @authoramish #SemST,Atheism,AGAINST,NEGATIVE
461,461,561,"It's not the donkey or the elephant, it's the Lamb! Only the Lamb that was slain and resurrected can save America. Behold the Lamb! #SemST",Atheism,AGAINST,POSITIVE
462,462,562,"you're doing the work of ending domination."" (Bell Hooks) (2/2) #feminism  #civilrights #SemST",Atheism,AGAINST,POSITIVE
463,463,563,"Today you and I have no idea what we will be facing, but #God does and, in Christ, has already supplied everything we need. #SemST",Atheism,AGAINST,POSITIVE
464,464,564,"We used to be intrigued by gods and angels, nowadays everybody is working in the cloud... #SemST",Atheism,AGAINST,NEGATIVE
465,465,565,"One day it'll all make sense, but for now just trust God and let Him lead you. #SemST",Atheism,AGAINST,POSITIVE
466,466,566,"@AJEnglish and, who left real #spiritual and #material #devastation of the countries where is grafted,and installed. #Ummah,#Hadith #SemST",Atheism,AGAINST,NEGATIVE
467,467,567,"If you are in need of prayer or encouragement, please call my 24/7 prayerline at 772-324-9040. #God bless you! #PrayerChangesThings #SemST",Atheism,AGAINST,POSITIVE
468,468,568,"This is #America, so no you cannot make laws based on your #religion. #SemST",Atheism,AGAINST,NEGATIVE
469,469,569,"Personally, I know many Christians who are #agnostic - John Simms #spirituality #stlouis #truth #reality #SemST",Atheism,AGAINST,POSITIVE
470,470,570,Being a Humanist means trying to behave decently without expectation of rewards or punishment after you are dead. ~ Kurt Vonnegut  #SemST,Atheism,AGAINST,POSITIVE
471,471,571,"dear @asadowaisi if you real issue with Maha Govt decision , go to court and let them decide. #SemST",Atheism,AGAINST,NEGATIVE
472,472,572,"dear @asadowaisi if you r really concerned with Maha Govt decision, go to court and let them decide. #SemST",Atheism,AGAINST,NEITHER
473,473,573,@karaikudy @Sai_swaroopa May be @RanaAyyub is suggesting to @narendramodi that the best way 2 fight #Lalitgate is to advocate #SemST,Atheism,AGAINST,NEGATIVE
474,474,574,Its #gamenight w @BostonOasis @HughONeillsPub n Malden 2night @ 730 @geekswhodrink #freethought #humanist #none #Community #SemST,Atheism,AGAINST,NEITHER
475,475,575,":) May Your Heart Be Firmly Fixed, Trusting The LORD...  He Shall Not Falter, He Cannot Fail... May His Breath Guide Your Sail...  #SemST",Atheism,AGAINST,POSITIVE
476,476,576, Believe in God at your worst moments    #God #here #always #trust #SemST,Atheism,AGAINST,POSITIVE
477,477,577,"I believe that too often religious people do good for the same reasons non-religious do, but they give undo credit to their faith. #SemST",Atheism,AGAINST,NEITHER
478,478,578,"I will not allow the enemy to control my appetite, but I yield my appetite to the control of the Holy Spirit. #SemST",Atheism,AGAINST,POSITIVE
479,479,579,Secularism = The only sure way to prevent the nightmare of a religious boot stamping on the human face - forever. #Freedom = #SemST,Atheism,FAVOR,NEGATIVE
480,480,580,"You can hate me or you can love me but in the end of the day, only #God can judge me. #Love #SemST",Atheism,AGAINST,POSITIVE
481,481,581,Yes Islam is the mother load of bad ideas!  Christianity is not far behind!  #athiest #SemST,Atheism,FAVOR,NEGATIVE
482,482,582,Sometimes when things fall apart... that is the big opportunity to change- @AniPemaChodron #consciousness #awareness #SemST,Atheism,NONE,POSITIVE
483,483,583,Just listened to the most inspirational speech from Bonya Ahmed. #BHSVoltaire #intellectualthursday #FightThePower #SemST,Atheism,NONE,POSITIVE
484,484,584,I receive Your lovingkindness every morning -Ps. 143:8 #SemST,Atheism,AGAINST,POSITIVE
485,485,585,My connection to #God allows me to create all the good in my live. #SemST,Atheism,AGAINST,POSITIVE
486,486,586,Be still. Be patient. Watch and let God work. #SemST,Atheism,AGAINST,POSITIVE
487,487,587,Do you feel your ancient roots? Look around you. Everything is our brother and sister. #spirituality #SemST,Atheism,AGAINST,POSITIVE
488,488,588,Serious question for my atheist libertarians: How can rights exist without God? #ChristianLibertarian #SemST,Atheism,AGAINST,NEGATIVE
489,489,589,Getting good at biting my tongue with my totally brainwashed 'Xtian family. It can be so tiring & very annoying at times. #SemST,Atheism,FAVOR,NEGATIVE
490,490,590,I bind and rebuke the angel of light in the name of Jesus -2 Cor. 11:14 #SemST,Atheism,AGAINST,POSITIVE
491,491,591,"Tomorrow is promised to no one, so cherish the people #God has placed in your life today! #SemST",Atheism,AGAINST,POSITIVE
492,492,592,"Give us this day our daily bread, and forgive us our sins as we forgive those who sin against us. #rosary #God #teamjesus #SemST",Atheism,AGAINST,POSITIVE
493,493,593,Religions are proud when there isn't evidence for one of their made-up stories.  #freethinker #SemST,Atheism,FAVOR,NEGATIVE
494,494,594,There's this guy I know who hangs out with all the wrong people. It's like he doesn't care about his reputation. #SemST,Atheism,NONE,NEGATIVE
495,495,595,"Enough w/living off outdated guidelines, suppression, and insecurities. We're capable of making well informed decisions #SemST",Atheism,NONE,NEGATIVE
496,496,596,"It is folly to deny the religious impulse. Just consider Marxism's reliance on its prophet, holy book & promise of future heaven #SemST",Atheism,AGAINST,NEGATIVE
497,497,597,"You'd think, after 2,000 years, I would have found at least one person I'd want to tell some things to. But nope.   ~#God   #SemST",Atheism,AGAINST,NEGATIVE
498,498,598,Impressed with the nice Tunisians. Not impressed with religion; a major cause of so much heartache & death. #remembertunisia #SemST,Atheism,FAVOR,NEGATIVE
499,499,599,It doesn't matter where you're going -but it does matter- who you are becoming #priorities #process #SemST,Atheism,NONE,POSITIVE
500,500,600,"#Ibrahim Orders Not to Play #Suprabatha Loud #KukkeSubramanya Temple, how come he has not ordered any mosques keep thr rant Quite!! #SemST",Atheism,NONE,NEGATIVE
501,501,601,The greatest act of faith some days is to simply get up and face another day. #SemST,Atheism,AGAINST,POSITIVE
502,502,602,"Romans 15:1 We who are powerful need to be patient with the weakness of those who don't have power, and not please ourselves. CEB  #SemST",Atheism,AGAINST,POSITIVE
503,503,603,I'm #SingleBecause MOST of you mortals are some high maintenance whiny ass little bitches! #EarthShatteringMicDrop #FSM #SemST,Atheism,NONE,NEGATIVE
504,504,604,Happy 4th of July weekend! Remember justice and liberty for all. Less tribal and more inclusive! #4thofJuly #actorslife #america #SemST,Atheism,NONE,POSITIVE
505,505,605,#GOSPELBEAT RT TheKurtCarr: There's NOBODY like our God! He's the GREATEST Power! #SemST,Atheism,AGAINST,POSITIVE
506,506,606,"If children weren't religiously indoctrinated before reaching the age of reason, we'd be living in a completely different world #SemST",Atheism,AGAINST,NEGATIVE
507,507,607,"We are what we are. Nothing more, nothing less. #spirituality #SemST",Atheism,AGAINST,POSITIVE
508,508,608,"Can I tell you a secret? I know who God is and how much He loves us. I love Him, too and just told the world about Him. He is love! #SemST",Atheism,AGAINST,POSITIVE
509,509,609,Be Amazed.....a real unicorns among us #narwhals #SemST,Atheism,AGAINST,POSITIVE
510,510,610,"#4thJuly 1776 saw independence from the oppression of England. On #July4th 2015, free yourself from the oppression of #religion! #SemST",Atheism,AGAINST,POSITIVE
511,511,611,"Thy kingdom come! Thy will be done on earth, as it is in heaven. Matthew 6:10 #ComeQuickly #SemST",Atheism,AGAINST,POSITIVE
512,512,612,"@aamir_khan says in #PK tht fasting in the name of God is a superstition, but he is fasting during Ramadan and is in Mecca. #SemST",Atheism,AGAINST,NEGATIVE
513,513,613,"AtheistQ ""Men never commit evil so fully and joyfully as when they do it for religious convictions.  -Blaise Pascal #SemST",Atheism,AGAINST,NEGATIVE
